{"cartesian":[[0.4004000599051002, 0.7964501196045618], [0.22256176082579648, -0.1829347509717589]], "pixel": [[176, 507], [72, 411]]}